queue_id,queue_state,evidence_kind,evidence_url,source_revision,receipt_state,verification_scope,metadata_checked_at_utc
KRYLOV-CJSJ-20260930,NEEDS_APPROVAL,pull_request,https://github.com/build-the-future-11/Kyrlov-JEPA/pull/12,5980697e7294bfc51a3a46de2daa44701220f3fd,open_draft,Public PR metadata checked; source receipt scope retained,2026-10-01T02:37:27Z
KRYLOV-CJSJ-20260930,NEEDS_APPROVAL,commit,https://github.com/build-the-future-11/Kyrlov-JEPA/commit/5980697e7294bfc51a3a46de2daa44701220f3fd,5980697e7294bfc51a3a46de2daa44701220f3fd,exists,Public commit metadata checked; tests not rerun,2026-10-01T02:37:27Z
PRODUCT-FUNNEL-20260930,BLOCKED,pull_request,https://github.com/build-the-future-11/Obscured-Records/pull/17,19507a724717911247b7869d552136eb19527af9,open_draft,Public PR metadata checked; source receipt scope retained,2026-10-01T02:37:27Z
PRODUCT-FUNNEL-20260930,BLOCKED,commit,https://github.com/build-the-future-11/Obscured-Records/commit/19507a724717911247b7869d552136eb19527af9,19507a724717911247b7869d552136eb19527af9,exists,Public commit metadata checked; tests not rerun,2026-10-01T02:37:27Z
PRODUCT-FUNNEL-20260930,BLOCKED,pull_request,https://github.com/build-the-future-11/Obscured-Records/pull/18,77d00ce043be60cdf251b75fb3dcbd46b030803a,open_draft,Public PR metadata checked; source receipt scope retained,2026-10-01T02:37:27Z
PRODUCT-FUNNEL-20260930,BLOCKED,commit,https://github.com/build-the-future-11/Obscured-Records/commit/77d00ce043be60cdf251b75fb3dcbd46b030803a,77d00ce043be60cdf251b75fb3dcbd46b030803a,exists,Public commit metadata checked; tests not rerun,2026-10-01T02:37:27Z
OPS-CLOSEOUT-20260930,DONE,public_queue_summary_only,,,no_public_artifact_indexed,"Existing public queue summary only; no private source, artifact or contact is indexed",2026-10-01T02:37:27Z
LAM-EVIDENCE-20260930,DONE,pull_request,https://github.com/vertex-studyAI/LAM-JEPA/pull/192,5d5f9564a6c3c915b4198481140184b3f319364d,open_draft,Public PR metadata checked; source receipt scope retained,2026-10-01T02:37:27Z
LAM-EVIDENCE-20260930,DONE,commit,https://github.com/vertex-studyAI/LAM-JEPA/commit/5d5f9564a6c3c915b4198481140184b3f319364d,5d5f9564a6c3c915b4198481140184b3f319364d,exists,Public commit metadata checked; tests not rerun,2026-10-01T02:37:27Z
APEN-REPORT-20260930,DONE,public_queue_summary_only,,,no_public_artifact_indexed,"Existing public queue summary only; no private source, artifact or contact is indexed",2026-10-01T02:37:27Z
PRIVATE-LEDGER-20260930,DONE,public_queue_summary_only,,,no_public_artifact_indexed,"Existing public queue summary only; no private source, artifact or contact is indexed",2026-10-01T02:37:27Z
EDITORIAL-BATCH-20260930-02,DONE,pull_request,https://github.com/build-the-future-11/Obscured-Records/pull/19,30e6748c8519ca80ac3428b094af6a68e44f0730,open_draft,Public PR metadata checked; source receipt scope retained,2026-10-01T02:37:27Z
EDITORIAL-BATCH-20260930-02,DONE,commit,https://github.com/build-the-future-11/Obscured-Records/commit/30e6748c8519ca80ac3428b094af6a68e44f0730,30e6748c8519ca80ac3428b094af6a68e44f0730,exists,Public commit metadata checked; tests not rerun,2026-10-01T02:37:27Z
EDITORIAL-BATCH-20260930-02,DONE,workflow_run,https://github.com/build-the-future-11/Obscured-Records/actions/runs/36756935216,30e6748c8519ca80ac3428b094af6a68e44f0730,completed_success,Public run status checked; checkout scope remains as recorded in queue,2026-10-01T02:37:27Z
FIM-CLOSEOUT-20260930,DONE,pull_request,https://github.com/build-the-future-11/FIM/pull/1,f56222bcd137ad0b2498e6af77b3941fa2500c2c,open_draft,Public PR metadata checked; source receipt scope retained,2026-10-01T02:37:27Z
FIM-CLOSEOUT-20260930,DONE,commit,https://github.com/build-the-future-11/FIM/commit/f56222bcd137ad0b2498e6af77b3941fa2500c2c,f56222bcd137ad0b2498e6af77b3941fa2500c2c,exists,Public commit metadata checked; tests not rerun,2026-10-01T02:37:27Z
FIM-CLOSEOUT-20260930,DONE,workflow_run,https://github.com/build-the-future-11/FIM/actions/runs/36756062274,f56222bcd137ad0b2498e6af77b3941fa2500c2c,completed_success,Public run status checked; checkout scope remains as recorded in queue,2026-10-01T02:37:27Z
ATG-REPLAY-20260930,DONE,public_queue_summary_only,,,no_public_artifact_indexed,"Existing public queue summary only; no private source, artifact or contact is indexed",2026-10-01T02:37:27Z
WORLD-SERIES-VERIFY-20260930,DONE,release_metadata,https://github.com/build-the-future-11/world-series/releases/tag/v0.1.0-oss,v0.1.0-oss,published_release,Public release metadata checked; archive bytes not downloaded or hash-verified,2026-10-01T02:37:27Z
NEUROCAD-VERIFY-20260930,DONE,pull_request,https://github.com/THE-BU1LD/NeuroCAD/pull/74,74329a75282b50a6ddd818ce506043d3431b88c6,merged_historical,Public PR metadata checked; source receipt scope retained,2026-10-01T02:37:27Z
NEUROCAD-VERIFY-20260930,DONE,commit,https://github.com/THE-BU1LD/NeuroCAD/commit/74329a75282b50a6ddd818ce506043d3431b88c6,74329a75282b50a6ddd818ce506043d3431b88c6,exists,Public commit metadata checked; tests not rerun,2026-10-01T02:37:27Z
FINANCE-EVENT-FIX-20260930,DONE,pull_request,https://github.com/build-the-future-11/finance4all-global-reach/pull/137,54f194cd30b998b89c7f0536c9f385217f046d36,open_draft,Public PR metadata checked; source receipt scope retained,2026-10-01T02:37:27Z
FINANCE-EVENT-FIX-20260930,DONE,commit,https://github.com/build-the-future-11/finance4all-global-reach/commit/54f194cd30b998b89c7f0536c9f385217f046d36,54f194cd30b998b89c7f0536c9f385217f046d36,exists,Public commit metadata checked; tests not rerun,2026-10-01T02:37:27Z
FINANCE-EVENT-FIX-20260930,DONE,workflow_run,https://github.com/build-the-future-11/finance4all-global-reach/actions/runs/36758845112,54f194cd30b998b89c7f0536c9f385217f046d36,completed_failure,Public run status checked; checkout scope remains as recorded in queue,2026-10-01T02:37:27Z
FINANCE-EVENT-FIX-20260930,DONE,pull_request,https://github.com/build-the-future-11/finance4all-global-reach/pull/138,0904057c38a3810ab5e5d77bb64c32fcd04e59b8,open_draft,Public PR metadata checked; source receipt scope retained,2026-10-01T02:37:27Z
FINANCE-EVENT-FIX-20260930,DONE,commit,https://github.com/build-the-future-11/finance4all-global-reach/commit/0904057c38a3810ab5e5d77bb64c32fcd04e59b8,0904057c38a3810ab5e5d77bb64c32fcd04e59b8,exists,Public commit metadata checked; tests not rerun,2026-10-01T02:37:27Z
FINANCE-EVENT-FIX-20260930,DONE,workflow_run,https://github.com/build-the-future-11/finance4all-global-reach/actions/runs/36764143336,0904057c38a3810ab5e5d77bb64c32fcd04e59b8,completed_success,Public run status checked; checkout scope remains as recorded in queue,2026-10-01T02:37:27Z
CATALOGUE-BATCH01-20260930,DONE,public_queue_summary_only,,,no_public_artifact_indexed,"Existing public queue summary only; no private source, artifact or contact is indexed",2026-10-01T02:37:27Z
CONTRIBUTOR-REPLIES-1900,IN_PROGRESS,public_queue_summary_only,,,no_public_artifact_indexed,"Existing public queue summary only; no private source, artifact or contact is indexed",2026-10-01T02:37:27Z
IRIS-READINESS-20260930,DONE,pull_request,https://github.com/build-the-future-11/IRIS-Space/pull/32,218b0a9ca997b684263048d047c37b3f7d5111b3,open_draft,Public PR metadata checked; source receipt scope retained,2026-10-01T02:37:27Z
IRIS-READINESS-20260930,DONE,commit,https://github.com/build-the-future-11/IRIS-Space/commit/218b0a9ca997b684263048d047c37b3f7d5111b3,218b0a9ca997b684263048d047c37b3f7d5111b3,exists,Public commit metadata checked; tests not rerun,2026-10-01T02:37:27Z
EIGEN-STATUS-20260930,DONE,pull_request,https://github.com/Finance-Meta-Research/Eigen-JEPA/pull/29,38d3ba5c942f09215587c529ffd78dcb86bdb440,open_draft,Public PR metadata checked; source receipt scope retained,2026-10-01T02:37:27Z
EIGEN-STATUS-20260930,DONE,commit,https://github.com/Finance-Meta-Research/Eigen-JEPA/commit/38d3ba5c942f09215587c529ffd78dcb86bdb440,38d3ba5c942f09215587c529ffd78dcb86bdb440,exists,Public commit metadata checked; tests not rerun,2026-10-01T02:37:27Z
EIGEN-STATUS-20260930,DONE,commit,https://github.com/Finance-Meta-Research/Eigen-JEPA/commit/cf3a1bd29c91c637c63dacf6813f801d8f76c337,cf3a1bd29c91c637c63dacf6813f801d8f76c337,exists,Public commit metadata checked; tests not rerun,2026-10-01T02:37:27Z
FI-READER-CLOSEOUT-20260930,DONE,pull_request,https://github.com/Finance-Meta-Research/FI-JEPA/pull/8,e02892061b3647f7a4084e765d7494cdd769b8b5,open_draft,Public PR metadata checked; source receipt scope retained,2026-10-01T02:37:27Z
FI-READER-CLOSEOUT-20260930,DONE,commit,https://github.com/Finance-Meta-Research/FI-JEPA/commit/e02892061b3647f7a4084e765d7494cdd769b8b5,e02892061b3647f7a4084e765d7494cdd769b8b5,exists,Public commit metadata checked; tests not rerun,2026-10-01T02:37:27Z
VERTEX-BASELINE-REVIEW-20261001,DONE,pull_request,https://github.com/vertex-studyAI/vertexED.ai/pull/1103,f2e57eea6d26126e915dcbadadfb469b654b0326,open_draft,Seven remote blobs verified and candidate repair complete; no deployment,2026-10-01T06:08:00Z
VERTEX-BASELINE-REVIEW-20261001,DONE,workflow_run,https://github.com/vertex-studyAI/vertexED.ai/actions/runs/36821669924,f2e57eea6d26126e915dcbadadfb469b654b0326,success,Canonical gate plus 19 authenticated browser tests plus local accessibility and isolated database contracts,2026-10-01T06:08:00Z
